year,avgpay,avgrev,percent,avgmilbpay
2013,119.4,226.933,52.61464838,849308.7128
2014,124.4667,236.6,52.60638208,986058.9953
2015,136,265.4667,51.23053099,1072205.961
2016,147.0667,279.8,52.56136526,1144374.102
2017,152.2333,300.9,50.59265537,1301285.798
2018,156.7333,312,50.23503205,1329067.248
2019,156.4333,329.8333,47.42798862,1355460.339
2020,156.9,344.8,45.50464037,660454.3136
2021,75.4667,122.1,61.80728911,983317.0985
2022,152.5333,318.5333,47.88613938,1000000
